StateName,state_code,state_region,nfl_presence,1998,1999,2000,2001,2002,2003,2004,2005,2006,2007,2008,2009,2010,2011,2012,2013,2014,2015
Alabama,AL,South,,"160,396.40","166,531.80","168,695.30","168,448.30","172,430.40","178,040.00","189,913.70","197,246.50","199,923.90","202,025.50","200,967.40","194,192.10","199,455.00","201,372.80","203,675.50","206,962.90","206,070.00","208,950.30"
Alaska,AK,West,,"40,263.70","39,783.10","38,428.10","40,014.40","41,904.70","41,235.00","42,880.10","44,406.80","47,546.20","50,126.70","49,926.60","54,951.90","53,652.00","54,045.50","57,087.40","54,627.60","53,303.30","53,681.10"
Arizona,AZ,Southwest,Y,"197,492.10","214,293.90","224,729.30","230,885.60","238,257.10","253,743.10","264,990.00","283,806.20","296,424.40","306,611.60","302,277.90","277,412.40","282,252.50","290,411.30","297,077.30","298,859.90","301,721.20","308,582.80"
Arkansas,AR,South,,"89,905.30","94,756.90","95,509.80","95,528.70","98,556.60","102,948.00","108,581.80","112,451.10","114,890.40","114,026.70","113,628.00","109,833.10","113,000.90","115,241.80","116,616.20","119,842.80","121,409.40","121,532.50"
California,CA,West,Y,"1,538,612.30","1,655,438.50","1,784,320.60","1,784,567.70","1,821,509.50","1,895,287.60","1,956,745.50","2,042,141.00","2,120,435.40","2,168,940.40","2,192,331.80","2,110,679.40","2,153,852.80","2,192,887.20","2,255,437.30","2,340,335.30","2,428,675.70","2,545,979.50"
Colorado,CO,West,Y,"206,449.10","221,040.80","238,739.30","242,650.10","243,701.90","246,017.40","250,069.30","261,992.90","268,190.80","278,733.80","281,803.30","275,659.10","279,385.60","283,963.80","289,339.50","301,484.10","315,399.00","330,526.10"
Connecticut,CT,New England,,"212,255.00","218,860.00","233,874.20","236,338.10","234,307.30","236,719.10","252,680.80","258,203.70","269,478.60","278,485.40","277,793.20","265,530.80","266,773.40","261,555.80","263,649.90","258,911.00","260,605.80","268,869.80"
Delaware,DE,Middle Atlantic,,"56,487.00","60,866.20","63,388.80","65,724.80","63,702.50","64,316.80","67,735.50","66,381.20","68,411.80","68,132.40","65,771.30","69,186.20","68,291.90","71,103.50","70,562.40","68,656.80","73,961.70","76,211.20"
District of Columbia,DC,Middle Atlantic,Y,"88,108.10","92,096.80","92,764.30","96,185.30","99,014.70","100,969.40","106,547.20","108,884.10","108,848.30","112,287.60","116,213.70","115,646.00","120,393.20","122,636.40","123,567.90","124,094.80","126,883.90","129,110.20"
Florida,FL,South,Y,"634,032.30","664,152.00","693,837.30","714,638.00","746,252.80","781,834.20","833,946.80","883,164.50","909,298.90","922,288.30","891,766.90","840,480.60","851,956.40","849,395.30","857,861.30","880,183.50","905,648.50","945,929.00"
Georgia,GA,South,Y,"377,705.90","404,465.20","417,713.50","422,731.60","427,329.70","439,074.60","461,245.40","480,838.30","487,524.90","492,238.70","481,860.30","464,016.80","471,588.20","481,215.40","489,027.30","499,900.20","517,511.90","540,108.50"
Hawaii,HI,West,,"58,946.10","59,612.10","60,745.70","60,446.40","62,355.20","65,623.70","69,332.00","72,941.90","74,892.90","76,434.10","76,830.20","74,118.50","76,130.20","77,174.20","78,694.00","80,534.90","81,304.90","83,857.60"
Idaho,ID,West,,"40,879.30","44,821.50","49,793.00","48,695.40","49,840.50","51,542.60","55,137.10","59,331.90","60,738.60","61,812.10","63,878.20","61,276.10","62,626.40","62,704.00","62,007.30","64,769.80","66,784.90","67,790.50"
Illinois,IL,Midwest,Y,"639,642.70","663,857.80","687,111.40","688,404.30","692,398.10","703,548.80","726,139.00","741,248.60","759,825.70","769,571.60","759,095.30","740,794.30","755,391.40","772,225.60","790,723.30","795,435.20","811,490.10","825,424.90"
Indiana,IN,Midwest,Y,"260,549.90","268,864.30","278,990.40","273,884.40","280,723.00","293,045.20","303,819.80","306,344.60","312,525.50","322,661.70","322,384.30","299,789.00","320,731.80","321,532.80","323,876.20","333,207.40","343,827.80","341,205.20"
Iowa,IA,Midwest,,"121,031.00","123,683.40","129,323.40","128,077.50","131,035.20","137,476.90","149,063.20","153,626.80","155,704.50","162,838.10","160,469.10","156,737.20","161,593.10","164,559.30","170,923.70","171,069.10","180,309.90","185,989.20"
Kansas,KS,Midwest,,"112,625.70","115,486.40","118,840.90","119,474.10","121,050.50","123,486.70","124,793.20","129,588.20","136,135.80","143,586.60","147,265.00","141,902.50","143,870.10","147,836.80","150,077.10","150,702.90","154,110.10","158,602.60"
Kentucky,KY,South,,"160,810.10","165,761.90","161,101.00","161,316.40","165,435.30","170,481.90","175,344.60","182,017.90","186,332.60","185,790.00","186,515.90","178,112.80","186,720.60","188,389.80","192,060.10","196,698.00","196,795.80","199,487.10"
Louisiana,LA,South,Y,"209,356.60","213,475.30","206,556.10","210,534.70","214,856.10","223,576.00","234,620.80","249,560.90","247,139.70","234,216.40","237,061.60","241,868.80","253,466.90","241,235.90","242,416.80","236,482.30","243,042.90","239,584.10"
Maine,ME,New England,,"48,138.50","50,620.30","52,958.50","54,066.20","55,406.50","56,882.40","58,934.80","59,589.70","59,986.00","60,032.60","59,845.10","58,771.80","59,958.50","59,429.70","59,181.70","59,013.90","59,589.80","60,563.00"
Maryland,MD,Middle Atlantic,Y,"248,662.90","258,913.40","269,301.20","281,053.60","290,400.30","297,690.60","311,504.80","325,644.50","329,874.00","331,763.50","338,165.40","336,285.80","352,622.90","360,155.90","361,561.80","364,633.20","370,343.90","378,745.90"
Massachusetts,MA,New England,Y,"335,504.40","353,837.90","382,599.60","388,180.80","388,451.60","397,069.90","407,886.00","417,075.60","426,926.10","440,373.80","447,526.80","441,307.60","462,330.80","472,664.30","483,286.30","486,991.80","496,250.90","514,398.70"
Michigan,MI,Midwest,Y,"431,274.30","457,637.60","467,654.40","453,301.50","465,788.40","477,085.40","485,082.70","493,796.30","483,763.60","482,935.10","455,256.70","416,297.10","441,271.50","453,989.10","463,302.60","472,779.90","479,534.90","490,618.70"
Minnesota,MN,Midwest,Y,"237,724.00","247,004.70","263,345.60","263,518.70","268,982.80","280,796.90","293,753.90","301,761.20","302,272.70","304,208.00","309,290.40","296,875.20","308,091.90","315,213.30","321,053.90","329,774.50","338,623.90","345,456.20"
Mississippi,MS,South,,"90,960.10","93,597.70","93,957.00","93,515.50","94,561.50","98,762.10","101,369.50","103,691.80","105,879.90","107,713.90","109,434.00","105,360.00","106,711.80","106,491.10","108,646.50","109,032.70","109,299.60","109,401.70"
Missouri,MO,South,Y,"249,234.00","256,290.40","262,665.40","260,381.10","264,997.70","271,970.50","279,128.20","285,341.70","286,558.30","288,320.80","297,881.80","289,566.80","295,986.40","292,984.20","296,514.30","302,025.70","303,617.80","308,009.90"
Montana,MT,West,,"31,456.10","31,633.40","32,513.70","32,689.60","33,663.80","35,249.50","36,949.90","38,849.00","40,055.00","42,057.70","42,049.30","40,938.40","42,469.80","43,532.20","44,329.10","45,114.70","46,166.70","47,765.60"
Nebraska,NE,Midwest,,"75,750.00","77,421.10","80,268.20","82,268.10","83,433.20","88,310.70","90,607.60","94,556.00","97,322.80","99,780.70","99,860.10","99,986.40","103,940.80","109,734.20","109,686.30","111,382.20","115,651.90","119,640.80"
Nevada,NV,West,,"102,779.40","110,091.00","114,810.20","116,267.30","120,180.10","125,905.40","139,373.00","150,680.90","156,297.90","157,734.30","152,745.60","140,304.30","142,614.20","144,341.20","142,986.10","144,549.30","145,303.60","151,055.90"
New Hampshire,NH,New England,,"54,954.50","56,913.10","60,742.50","61,719.40","63,474.20","66,119.40","68,428.10","69,556.10","71,424.50","71,943.50","71,195.60","70,498.60","72,950.40","73,465.00","74,082.80","75,503.40","76,836.20","79,319.30"
New Jersey,NJ,Middle Atlantic,,"461,237.30","477,827.90","503,901.50","509,631.50","517,752.20","529,815.90","536,174.00","546,357.80","555,211.00","560,823.80","573,202.70","546,362.20","554,764.40","548,479.30","560,729.70","570,952.40","570,696.40","581,414.90"
New Mexico,NM,Southwest,,"67,718.10","71,421.00","72,733.80","72,996.40","75,345.90","78,766.80","85,751.00","86,295.90","88,554.50","89,392.30","89,012.90","90,829.20","90,721.00","90,552.30","90,762.40","90,104.00","92,621.10","93,503.90"
New York,NY,Middle Atlantic,Y,"1,112,323.60","1,172,149.80","1,217,036.40","1,240,755.20","1,228,580.80","1,236,563.10","1,269,433.10","1,301,438.00","1,339,568.50","1,353,798.90","1,328,095.70","1,379,504.60","1,431,624.00","1,440,346.80","1,496,280.10","1,501,818.00","1,535,375.90","1,565,835.20"
North Carolina,NC,South,Y,"351,977.90","372,030.30","384,115.30","387,433.90","393,685.90","404,582.50","420,579.40","442,305.60","470,663.90","477,920.80","492,688.80","473,610.50","482,030.40","484,200.30","488,126.50","497,456.60","509,782.40","525,229.10"
North Dakota,ND,Midwest,,"23,971.30","24,069.60","24,990.20","25,329.80","26,592.10","28,326.70","28,636.20","29,629.00","30,911.40","32,529.00","35,030.40","35,971.30","38,697.40","43,300.40","53,326.80","54,690.90","60,193.00","58,694.50"
Ohio,OH,Midwest,Y,"518,604.00","530,745.60","541,005.90","534,612.40","546,688.20","557,024.50","572,308.50","584,867.70","582,637.60","585,403.00","580,389.00","550,982.40","563,816.30","580,251.40","586,540.90","603,057.40","624,973.40","633,274.80"
Oklahoma,OK,Southwest,,"114,928.10","116,968.40","121,170.20","125,695.70","127,930.20","130,147.80","134,606.60","140,360.10","149,367.10","152,879.60","158,987.80","156,856.80","158,086.40","163,859.30","172,016.00","176,086.80","186,574.40","193,792.60"
Oregon,OR,West,,"130,425.10","133,761.70","145,094.20","144,486.50","147,432.80","154,445.30","163,046.10","168,734.40","177,222.40","180,724.30","184,842.60","176,951.60","180,738.20","185,959.40","187,352.40","189,609.70","195,808.20","205,581.80"
Pennsylvania,PA,Middle Atlantic,Y,"534,933.60","552,163.60","566,250.90","577,677.50","583,507.40","598,809.50","614,957.10","626,290.10","626,589.90","649,638.10","665,148.30","645,206.70","666,805.80","676,468.30","689,007.00","704,195.00","718,691.60","734,145.10"
Rhode Island,RI,New England,,"45,381.30","46,831.20","49,113.60","49,705.20","51,284.30","52,933.10","55,160.50","55,885.90","57,415.80","56,230.50","54,977.10","54,481.50","56,050.60","56,026.60","56,487.40","57,037.20","57,602.70","58,387.90"
South Carolina,SC,South,,"150,732.60","157,645.50","161,880.20","162,837.10","167,333.00","174,270.80","177,169.40","183,267.50","187,386.10","193,386.60","192,497.10","184,081.30","188,777.20","193,221.00","195,406.10","200,147.30","206,077.90","213,212.40"
South Dakota,SD,Midwest,,"28,772.10","30,038.30","32,124.90","32,396.90","35,776.00","36,141.90","37,616.60","39,330.60","39,961.60","41,646.20","43,278.50","44,255.80","44,810.70","47,630.30","48,653.90","48,610.10","49,640.90","50,860.80"
Tennessee,TN,South,Y,"240,963.40","248,457.50","251,030.20","250,311.40","258,542.40","267,589.40","281,564.20","289,064.30","295,668.20","294,819.80","298,526.90","287,308.80","292,687.00","301,508.90","311,754.20","318,347.90","323,879.60","335,461.10"
Texas,TX,Southwest,Y,"920,059.60","957,247.20","989,904.90","1,020,517.00","1,042,584.40","1,052,132.30","1,111,189.10","1,143,413.10","1,225,147.30","1,288,828.70","1,287,191.50","1,285,560.20","1,323,059.10","1,370,174.90","1,438,354.40","1,511,806.50","1,559,636.10","1,634,127.10"
Utah,UT,West,,"91,312.70","95,206.80","98,648.50","100,244.30","102,828.10","104,829.20","111,318.90","118,430.20","127,539.40","133,799.80","133,662.90","130,958.60","133,739.10","138,301.10","140,622.50","145,026.90","150,076.30","155,431.50"
Vermont,VT,New England,,"22,266.50","23,561.70","24,844.60","25,681.80","26,522.80","27,548.10","28,989.20","29,283.20","29,420.90","29,296.60","30,168.60","29,565.70","30,890.60","31,663.60","31,898.10","31,494.60","31,847.70","32,042.90"
Virginia,VA,South,,"338,931.50","356,391.80","372,914.10","386,444.70","390,242.40","404,522.20","421,744.40","442,089.50","451,263.10","457,568.90","462,034.70","460,075.30","475,699.30","479,571.40","483,041.40","488,741.30","488,918.60","498,943.60"
Washington,WA,West,Y,"299,817.00","322,721.60","325,857.60","317,860.60","321,977.10","327,645.20","335,449.30","358,396.30","372,145.00","394,221.90","401,093.20","390,814.00","403,471.30","411,575.70","426,447.00","439,472.20","456,186.50","476,715.40"
West Virginia,WV,South,,"61,725.70","63,691.70","63,364.60","63,599.80","64,465.70","65,106.80","66,077.60","67,888.80","68,900.00","69,374.10","70,966.80","70,886.50","71,823.80","73,175.20","73,124.50","73,949.00","74,111.30","74,261.40"
Wisconsin,WI,Midwest,Y,"232,087.10","242,026.00","248,572.00","252,941.80","257,966.90","265,745.80","275,412.40","282,065.70","287,146.60","289,855.20","286,204.70","277,279.40","287,652.90","293,664.00","299,007.60","301,550.50","309,425.80","315,687.80"
Wyoming,WY,West,,"24,804.70","25,866.80","26,614.20","28,338.10","28,901.30","29,806.60","30,780.10","32,463.10","36,655.60","39,504.80","41,641.20","40,599.60","39,135.80","38,929.80","38,085.00","38,408.70","39,287.20","40,063.90"
